*	serialNomination67: After Season
..	letMachine39: Intermediate Profiles
1.	filterQuery47: Reimagine Resource
2.	dashRail32: Get Started
3.	wordAssembly55: Learn More
4.	accessPoint43: Up Next
5.	patchColumn48: A Link
6.	myMonitor41: Start Menu
7.	powerPack40: Regional Preference
8.	workModel44: Job Competency
9.	fiscalPath41: The Credit
10.	starTrainer40: Main League
11.	computableUnit57: Multidimensional Loop
12.	dualAudit35: Relative Spot
13.	handMade29: Master Skill
14.	realCost33: Online Space
15.	bestCheck31: Electric Start
16.	dynamicWorld54: Plug In
17.	spiralBand40: Add On
18.	officialStuff57: Instruction Set
19.	primarySet41: Top Notch
20.	fixAction31: Seasonal Adjustment
21.	netProperty46: Full Walk
22.	theFact24: Enumerable Factor
23.	doServe25: Finite Amount
24.	socialHub37: Fine Discoveries
25.	tourPoint38: Near Experience
26.	bankBulb31: Big Stack
::.	theNotePack42: List Things