..	openRoot35: Main Branch
1.	cascadeAmount49: Machine Level Pointer
2.	dayLine30: Enumerated Companies
3.	discDesk30: The Binary Top
4.	plusApprox45: Spontaneous Tool
5.	snapControl50: Work Schedule
6.	spaceVariety43: Favourite Environment
7.	backScreen36: A Prototype
8.	coreHistory45: Past Assessment
9.	transferLimit53: Common Structure
10.	autoCell36: Alternate Function
11.	informationType63: Check Board
12.	sumReverse39: Virtual Facility
13.	idealLock39: Registry Volume
14.	pinIssue34: Native Interest
15.	slashPage38: New Plug
16.	futureClock48: Delimiter Pair
17.	searchAnchor46: Channel Access
18.	applicationSeries68: Docking Area
19.	multiColour52: Magnet Coin
20.	netCurve28: Stream Index
21.	dataDrive27: File Content
22.	annualBridge46: Business Architecture
23.	boxAsset27: System Graph
24.	manageWire39: Per Instance
25.	flyEmpower50: Platform Synchronisation
26.	rackShare34: Swap Subdirectory
::.	ourBreak31: Referring Semicolon